  [
    {"id":"101", "firstName":"Nithej","lastName":"Bayri","salary":"42000000.00","department":"EC","dateofjoining":"09/03/2018"},
    {"id":"102", "firstName":"Sai","lastName":"Akula","salary":"5010000.00","department":"ME","dateofjoining":"07/03/2018"},
    {"id":"103", "firstName":"baba","lastName":"Gandra","salary":"4600000.00","department":"EE","dateofjoining":"5/03/2018"},
    {"id":"104", "firstName":"King","lastName":"Juluri","salary":"4300000.00","department":"EE","dateofjoining":"07/03/2018"},
    {"id":"105", "firstName":"Raja","lastName":"Kakarlapudi","salary":"4050000.00","department":"EC","dateofjoining":"06/03/2018"},
    {"id":"106", "firstName":"Love","lastName":"Chowdary","salary":"2400000.00","department":"EE","dateofjoining":"05/03/2018"}
]