{"main":"admin-dummy-api.raml","name":"Capstore-API-Dummy","classifier":"raml","tags":[],"dependencies":[{"groupId":"68ef9520-24e9-4cf2-b2f5-620025690913","assetId":"training-american-flight-data-type","version":"1.0.1"},{"groupId":"68ef9520-24e9-4cf2-b2f5-620025690913","assetId":"training-american-flights-example","version":"1.0.1"}],"groupId":"e4fadb6a-0065-4bf8-a8cd-8c8223ce2bd8","assetId":"staff-api-dummy","version":"1.0.0","apiVersion":"v1","metadata":{"projectId":"125b9609-cb55-411c-a45d-5236846df34f","branchId":"master","commitId":"800dde39cb88ac597514401db9a4143eb359f349"}}